cluster,vserver,volumename,aggrname,volsize,maxsize,comment,exppolname,snappolicy
au2004npsc003,AU2004NP0121,AU2004NP0121_EDS_Prod8,AU2004NPSA011_aggr01_black,1024,102400,INC25556208_Project_PR173030_EDS-ISSP,AU2004NP0121_EDS_Prod,black_default
au2004npsc003,AU2004NT0064,AU2004NT0064_EDS_SVP8,AU2004NPSA011_aggr01_black,1024,102400,INC25556208_Project_PR173030_EDS-ISSP,AU2004NT0064_EDS_SVP,black_default
au2004npsc003,AU2004NT0065,AU2004NT0065_EDS_UAT8,AU2004NPSA011_aggr01_black,250,102400,INC25556208_Project_PR173030_EDS-ISSP,AU2004NT0065_EDS_UAT,default
au2106npsc003,AU2106NT0065,AU2106NT0065_EDS_SIT8,AU2106NPSA013_aggr01_orange,250,102400,INC25556208_Project_PR173030_EDS-ISSP,AU2106NT0065_EDS_SIT,default
au2106npsc003,AU2106NT0065,AU2106NT0065_EDS_DEV8,AU2106NPSA013_aggr01_orange,250,102400,INC25556208_Project_PR173030_EDS-ISSP,AU2106NT0065_EDS_DEV,default