cluster,vserver,volumename,aggrname,volsize,maxsize,comment,exppolname,snappolicy
au2106npsc003,AU2004NP0121DR,AU2004NP0121DR_EDS_Prod5_dr,AU2106NPSA012_aggr01_black,1024,102400,INC25556208_Project_PR173030_EDS-ISSP,AU2004NP0121DR_EDS_Prod,black_default
au2106npsc003,AU2004NT0064DR,AU2004NT0064DR_EDS_SVP5_dr,AU2106NPSA012_aggr01_black,1024,102400,INC25556208_Project_PR173030_EDS-ISSP,AU2004NT0064DR_EDS_SVP_dr,black_default
au2106npsc003,AU2004NP0121DR,AU2004NP0121DR_EDS_Prod6_dr,AU2106NPSA012_aggr01_black,1024,102400,INC25556208_Project_PR173030_EDS-ISSP,AU2004NP0121DR_EDS_Prod,black_default
au2106npsc003,AU2004NT0064DR,AU2004NT0064DR_EDS_SVP6_dr,AU2106NPSA012_aggr01_black,1024,102400,INC25556208_Project_PR173030_EDS-ISSP,AU2004NT0064DR_EDS_SVP_dr,black_default
au2106npsc003,AU2004NP0121DR,AU2004NP0121DR_EDS_Prod7_dr,AU2106NPSA012_aggr01_black,1024,102400,INC25556208_Project_PR173030_EDS-ISSP,AU2004NP0121DR_EDS_Prod,black_default
au2106npsc003,AU2004NT0064DR,AU2004NT0064DR_EDS_SVP7_dr,AU2106NPSA012_aggr01_black,1024,102400,INC25556208_Project_PR173030_EDS-ISSP,AU2004NT0064DR_EDS_SVP_dr,black_default
au2106npsc003,AU2004NP0121DR,AU2004NP0121DR_EDS_Prod8_dr,AU2106NPSA012_aggr01_black,1024,102400,INC25556208_Project_PR173030_EDS-ISSP,AU2004NP0121DR_EDS_Prod,black_default
au2106npsc003,AU2004NT0064DR,AU2004NT0064DR_EDS_SVP8_dr,AU2106NPSA012_aggr01_black,1024,102400,INC25556208_Project_PR173030_EDS-ISSP,AU2004NT0064DR_EDS_SVP_dr,black_default
