cluster,vserver,volumename,aggrname,volsize,maxsize,comment,exppolname,snappolicy
au2004npsc003,AU2004NP0121,AU2004NP0121_EDS_Prod3,AU2004NPSA011_aggr01_black,10240,20480,INC24417046_Project_PR173030_EDS-ISSP-WLIVE,AU2004NP0121_EDS_Prod,black_default
au2004npsc003,AU2004NP0121,AU2004NP0121_EDS_Prod_SOLR3,AU2004NPSA011_aggr01_black,250,1024,INC24417046_Project_PR173030_EDS-ISSP-WLIVE,AU2004NP0121_EDS_Prod_SOLR,black_default
au2004npsc003,AU2004NT0064,AU2004NT0064_EDS_SVP3,AU2004NPSA011_aggr01_black,1024,2048,INC24417046_Project_PR173030_EDS-ISSP-WLIVE,AU2004NT0064_EDS_SVP,black_default
au2004npsc003,AU2004NT0064,AU2004NT0064_EDS_SVP_SOLR3,AU2004NPSA011_aggr01_black,250,1024,INC24417046_Project_PR173030_EDS-ISSP-WLIVE,AU2004NT0064_EDS_SVP_SOLR,black_default
au2004npsc003,AU2004NT0065,AU2004NT0065_EDS_UAT3,AU2004NPSA011_aggr01_black,1024,2048,INC24417046_Project_PR173030_EDS-ISSP-WLIVE,AU2004NT0065_EDS_UAT,default
au2106npsc003,AU2106NT0065,AU2106NT0065_EDS_SIT3,AU2106NPSA013_aggr01_orange,250,1024,INC24417046_Project_PR173030_EDS-ISSP-WLIVE,AU2106NT0065_EDS_SIT,default
au2106npsc003,AU2106NT0065,AU2106NT0065_EDS_DEV3,AU2106NPSA013_aggr01_orange,250,1024,INC24417046_Project_PR173030_EDS-ISSP-WLIVE,AU2106NT0065_EDS_DEV,default